Juan,Gómez,juangomez@example.com,1990-01-05,Centro A,Ciclo A,Estudiante,612345678
María,Hernández,mariah@example.com,1985-07-15,Centro B,Ciclo B,Profesor,623456789
Pedro,Rodríguez,pedror@example.com,1982-03-20,Centro C,Ciclo C,Administrador,634567890
Ana,Martínez,anamartinez@example.com,1998-09-10,Centro D,Ciclo D,Estudiante,645678901
David,Fernández,davidf@example.com,1993-04-25,Centro E,Ciclo E,Profesor,656789012
Laura,García,laurag@example.com,2000-11-12,Centro F,Ciclo F,Administrador,667890123
Carlos,López,carlosl@example.com,1987-06-30,Centro G,Ciclo G,Estudiante,678901234
Elena,Díaz,elenad@example.com,1984-02-18,Centro H,Ciclo H,Profesor,689012345
Sara,Ruiz,sararuiz@example.com,1995-08-22,Centro I,Ciclo I,Administrador,690123456
Alberto,Martín,albertom@example.com,1988-03-17,Centro J,Ciclo J,Estudiante,601234567
Andrea,Pérez,andreap@example.com,1992-10-04,Centro K,Ciclo K,Profesor,612345678
Antonio,Ruiz,antonior@example.com,1983-05-28,Centro L,Ciclo L,Administrador,623456789
Isabel,Sánchez,isabels@example.com,1997-01-15,Centro M,Ciclo M,Estudiante,634567890
Miguel,González,miguelg@example.com,1986-08-20,Centro N,Ciclo N,Profesor,645678901
Lucía,Rodríguez,luciar@example.com,2001-02-12,Centro O,Ciclo O,Administrador,656789012
Alejandro,Martínez,alejandrom@example.com,1993-06-17,Centro P,Ciclo P,Estudiante,667890123
Carmen,Fernández,carmenf@example.com,1989-03-28,Centro Q,Ciclo Q,Profesor,678901234
Diego,García,diegog@example.com,1995-09-09,Centro R,Ciclo R,Administrador,689012345
Luisa,Ruiz,luisar@example.com,1980-12-05,Centro S,Ciclo S,Estudiante,690123456
Javier,Pérez,javierp@example.com,1987-08-22,Centro T,Ciclo T,Profesor,601234567
Marina,Sánchez,marinas@example.com,2000-04-14,Centro U,Ciclo U,Administrador,612345678
Oscar,Martín,oscar.m@example.com,1984-02-19,Centro V,Ciclo V,Estudiante,623456789
Rosa,Gómez,rosag@example.com,1991-10-10,Centro W,Ciclo W,Profesor,634567890
Sergio,Díaz,sergiod@example.com,1998-07-30,Centro X,Ciclo X,Administrador,645678901
Teresa,Hernández,teresah@example.com,1983-05-26,Centro Y,Ciclo Y,Estudiante,656789012
Pablo,Ramírez,pablor@example.com,1994-11-08,Centro AA,Ciclo AA,Estudiante,667890123
Eva,Alonso,evaa@example.com,1988-06-17,Centro BB,Ciclo BB,Profesor,678901234
Mario,Ferrer,mariof@example.com,1996-03-22,Centro CC,Ciclo CC,Administrador,689012345
Isabella,Díaz,isabellad@example.com,1981-09-05,Centro DD,Ciclo DD,Estudiante,690123456
Fernando,Martí,fmarti@example.com,1986-04-18,Centro EE,Ciclo EE,Profesor,601234567
Cristina,Ortega,cristinao@example.com,1999-01-14,Centro FF,Ciclo FF,Administrador,612345678
Gonzalo,Navarro,gonzalon@example.com,1985-08-30,Centro GG,Ciclo GG,Estudiante,623456789
Laura,Pastor,laurap@example.com,1992-07-22,Centro HH,Ciclo HH,Profesor,634567890
Marcos,Soler,marcoss@example.com,1997-12-10,Centro II,Ciclo II,Administrador,645678901
Sofía,Vidal,sofiav@example.com,1983-02-26,Centro JJ,Ciclo JJ,Estudiante,656789012
Liam,O'Connor,liam.oconnor@example.com,1990-05-15,Centro KK,Ciclo KK,Estudiante,667890123
Sophie,Lefebvre,sophie.lefebvre@example.com,1985-10-20,Centro LL,Ciclo LL,Profesor,678901234
Matteo,Ricci,matteo.ricci@example.com,1982-03-08,Centro MM,Ciclo MM,Administrador,689012345
Elena,Silva,elena.silva@example.com,1995-06-03,Centro NN,Ciclo NN,Estudiante,690123456
Lucas,Santos,lucas.santos@example.com,1988-11-12,Centro OO,Ciclo OO,Profesor,601234567
Mia,Müller,mia.mueller@example.com,1993-09-18,Centro PP,Ciclo PP,Administrador,612345678
Luca,Rossi,luca.rossi@example.com,1980-04-25,Centro QQ,Ciclo QQ,Estudiante,623456789
Lea,Dubois,lea.dubois@example.com,1987-07-07,Centro RR,Ciclo RR,Profesor,634567890
Mateo,Hernández,mateo.hernandez@example.com,1996-12-20,Centro SS,Ciclo SS,Administrador,645678901
Emma,Li,emma.li@example.com,1983-02-14,Centro TT,Ciclo TT,Estudiante,656789012
